{
  "name": "country",
  "base": "PersistedModel",
  "idInjection": true,
  "options": {
    "validateUpsert": true
  },
  "properties": {
    "name": {
      "type": "string",
      "required": true
    },
    "description": {
      "type": "string"
    },
    "isactive": {
      "type": "boolean",
      "required": true,
      "default": true
    }
  },
  "validations": [],
  "relations": {
    "id_country": {
      "type": "hasMany",
      "model": "state",
      "foreignKey": "",
      "options": {
        "nestRemoting": true
      }
    }
  },
  "acls": [
    {
      "accessType": "EXECUTE",
      "principalType": "ROLE",
      "principalId": "$everyone",
      "permission": "ALLOW",
      "property": "search"
    }
  ],
  "methods": {}
}
